{
  "meta_title": "Soulisa®",
  "meta_description": "Especializada em cosméticos capilares para alisar e reduzir volume. Loja online 24h. Entrega Rápida e Segura em Todo Brasil. Clique e conheça AGORA!",
  "sections": [
    {
      "type": "banner-slider",
      "autoplay": 9000,
      "full_width": true,
      "slides": [
        {
          "start": "",
          "end": "",
          "img": "/img/uploads/1.png",
          "alt": "",
          "mobile_img": "/img/uploads/1.png"
        }
      ]
    },
    {
      "type": "info-bar",
      "enabled": true
    },
    {
      "type": "collection-shelf",
      "shuffle": true,
      "collection_id": null,
      "sort": "sales",
      "title": "",
      "headless": true,
      "limit": 6,
      "page": 1
    }
  ]
}